{"cameraMode":{"drawMode":0,"name":"Shaded","section":"Shading Mode"},"sceneLighting":true,"audioPlay":false,"sceneViewState":{"m_AlwaysRefresh":false,"showFog":true,"showSkybox":true,"showFlares":true,"showImageEffects":true,"showParticleSystems":true,"showVisualEffectGraphs":true,"m_FxEnabled":true},"in2DMode":false,"pivot":{"x":-1.1184132099151612,"y":1.3658617734909058,"z":0.4058985710144043},"rotation":{"x":-0.08874555677175522,"y":-0.28282082080841067,"z":-0.026290977373719217,"w":0.9546996355056763},"size":1.9101598262786866,"orthographic":false}